model,input_set,history_length,epochs,learning_rate,weight_decay,best_val_loss,rmse,mae,bias,correlation
convlstm,t2m,6,25,0.001,1e-05,6.437244176864624,2.6317302227020263,2.2448370933532713,1.3744284689426423,0.7449293436619477
convlstm,core4,6,25,0.001,1e-05,10.287794589996338,3.1140042543411255,2.7760700225830077,0.6663123488426208,0.6984542410693261
convlstm,extended,6,25,0.001,1e-05,4.105244874954224,1.9359321594238281,1.6138367176055908,0.008234411478042603,0.8185088242060228
