{
  "rmse": 4.017379879951477,
  "mae": 3.4321501731872557,
  "bias": -1.9669416546821594,
  "model": "cnn",
  "num_samples": 5,
  "history_length": 6
}