{
  "rmse": 2.869001309076945,
  "mae": 2.4738216002782187,
  "bias": -1.4924398760000865,
  "correlation": 0.7430985998643501,
  "pred_variance": 7.020548741022746,
  "target_variance": 3.996555765469869,
  "variance_ratio": 1.7566497636990561,
  "model": "cnn",
  "num_samples": 6,
  "history_length": 3
}