{
  "rmse": 2.869001309076945,
  "mae": 2.4738216002782187,
  "bias": -1.4924398760000865,
  "correlation": 0.7430985998643501,
  "model": "cnn",
  "num_samples": 6,
  "history_length": 3
}