{
  "rmse": 3.973532954851786,
  "mae": 3.445864180723826,
  "bias": -2.0528461933135986,
  "model": "cnn",
  "num_samples": 6,
  "history_length": 3
}