{
  "rmse": 3.1211441357930503,
  "mae": 2.5657987793286643,
  "bias": -1.5043048461278279,
  "correlation": 0.6261287212473438,
  "model": "cnn",
  "num_samples": 6,
  "history_length": 3
}