{
  "rmse": 2.561269462108612,
  "mae": 2.1801962852478027,
  "bias": 1.356283262372017,
  "model": "cnn",
  "num_samples": 2,
  "history_length": 3
}