{
  "rmse": 3.1211442947387695,
  "mae": 2.5657988588015237,
  "bias": -1.504304975271225,
  "correlation": 0.6261287272845534,
  "model": "cnn",
  "num_samples": 6,
  "history_length": 3
}