{
  "rmse": 3.757284235954285,
  "mae": 2.992466902732849,
  "bias": -0.5001407623291015,
  "correlation": 0.24175389043357112,
  "model": "cnn",
  "num_samples": 5,
  "history_length": 6
}