{
  "rmse": 8.281789620717367,
  "mae": 8.0256134668986,
  "bias": -8.0256134668986,
  "temporal_diff_mae": NaN,
  "model": "cnn",
  "num_samples": 3,
  "history_length": 6,
  "forecast_horizon": 1
}