{
  "rmse": 12.544543266296387,
  "mae": 12.439178705215454,
  "bias": -12.439178705215454,
  "temporal_diff_mae": NaN,
  "model": "convlstm",
  "num_samples": 4,
  "history_length": 3,
  "forecast_horizon": 1
}