model,rmse,mae,bias,num_samples,history_length
persistence,3.251016894976298,2.6105775237083435,1.446134775876999,6,3
linear,2.9649210770924888,2.6049439708391824,-0.4816621591647466,6,3
cnn,3.973532954851786,3.445864180723826,-2.0528461933135986,6,3
convlstm,3.098136782646179,2.513031244277954,-1.085466906428337,6,3
