model,rmse,mae,bias,correlation,num_samples,history_length
persistence,3.9932507514953612,3.315561294555664,1.8514804124832154,0.6496177952472727,5,6
linear,3.2850741863250734,2.835192251205444,0.6987104177474975,0.6496177955068613,5,6
cnn,3.757284235954285,2.992466902732849,-0.5001407623291015,0.24175389043357112,5,6
convlstm,2.4246950149536133,2.044653844833374,0.4612183809280396,0.7872476022283539,5,6
