model,rmse,mae,bias,correlation,num_samples,history_length
persistence,3.2510168751080832,2.6105775038401284,1.4461346566677094,0.6404480083535409,6,3
linear,2.9649211963017783,2.604944090048472,-0.4816623603304227,0.6404479875595882,6,3
cnn,2.869001309076945,2.4738216002782187,-1.4924398760000865,0.7430985998643501,6,3
convlstm,1.7645678520202637,1.4477692246437073,-0.26252904534339905,0.8068801654713967,6,3
