model,rmse,mae,bias,num_samples,history_length
persistence,3.9932507514953612,3.315561294555664,1.8514804124832154,5,6
linear,3.2850741863250734,2.835192251205444,0.6987104177474975,5,6
cnn,4.017379879951477,3.4321501731872557,-1.9669416546821594,5,6
convlstm,3.0112895250320433,2.6603856563568113,0.5805816292762757,5,6
