model,rmse,mae,bias,correlation,num_samples,history_length
persistence,3.2510168751080832,2.6105775038401284,1.4461346566677094,0.6404480083535409,6,3
linear,2.9649211963017783,2.604944090048472,-0.4816623603304227,0.6404479875595882,6,3
cnn,3.1211441357930503,2.5657987793286643,-1.5043048461278279,0.6261287212473438,6,3
convlstm,1.7487171490987141,1.3764685193697612,-0.18762799352407455,0.7783658969102256,6,3
