model,rmse,mae,bias,correlation,num_samples,history_length
persistence,3.251016894976298,2.6105775237083435,1.446134775876999,0.6404480071682553,6,3
linear,2.9649210770924888,2.6049439708391824,-0.4816621591647466,0.6404479863111058,6,3
cnn,3.1211442947387695,2.5657988588015237,-1.504304975271225,0.6261287272845534,6,3
convlstm,1.748717188835144,1.376468539237976,-0.18762807299693426,0.7783659052327575,6,3
