model,rmse,mae,bias,num_samples,history_length
persistence,2.589865565299988,1.6673455834388733,1.0724948942661285,2,3
linear,2.1954210996627808,1.4700555801391602,0.953031063079834,2,3
cnn,2.561269462108612,2.1801962852478027,1.356283262372017,2,3
convlstm,9.27753496170044,9.06226634979248,-9.06226634979248,2,3
