{
  "rmse": 14.546989758809408,
  "mae": 14.394099553426107,
  "num_samples": 3
}