{
  "rmse": 12.49570083618164,
  "mae": 12.332956314086914,
  "num_samples": 3
}