model,history_length,input_set,epochs,learning_rate,weight_decay,best_val_loss,rmse,mae,bias,correlation
cnn,1,extended,20,0.001,0.0,14.87003231048584,3.7049551010131836,2.9749999245007834,-0.05051656564076742,0.340277691789109
convlstm,1,extended,25,0.001,1e-05,21.22260856628418,4.577054023742676,3.791085680325826,-0.21763785680135092,0.40156322353285856
cnn,3,extended,20,0.001,0.0,9.957507610321045,3.1211442947387695,2.5657988588015237,-1.504304975271225,0.6261287272845534
convlstm,3,extended,25,0.001,1e-05,3.7198630571365356,1.85829496383667,1.4485089580217998,0.06548324227333069,0.710002347036601
cnn,6,extended,20,0.001,0.0,8.752293825149536,3.255909252166748,2.9114994764328004,-0.42523193359375,0.5887368959094708
convlstm,6,extended,25,0.001,1e-05,4.105244874954224,1.9359321594238281,1.6138367176055908,0.008234411478042603,0.8185088242060228
