{
  "rmse": 12.913796305656433,
  "mae": 12.81129789352417,
  "bias": -12.81129789352417,
  "temporal_diff_mae": NaN,
  "model": "convlstm",
  "num_samples": 4,
  "history_length": 1,
  "forecast_horizon": 1
}