{
  "rmse": 14.663800239562988,
  "mae": 14.545781453450521,
  "bias": -14.545781453450521,
  "temporal_diff_mae": NaN,
  "model": "convlstm",
  "num_samples": 3,
  "history_length": 6,
  "forecast_horizon": 1
}