{
  "rmse": 3.000258505344391,
  "mae": 2.0613927245140076,
  "bias": -0.7179369814693928,
  "temporal_diff_mae": NaN,
  "model": "cnn",
  "num_samples": 4,
  "history_length": 3,
  "forecast_horizon": 1
}