{
  "rmse": 2.4246950149536133,
  "mae": 2.044653844833374,
  "bias": 0.4612183809280396,
  "correlation": 0.7872476022283539,
  "model": "convlstm",
  "num_samples": 5,
  "history_length": 6
}