{
  "rmse": 3.098136782646179,
  "mae": 2.513031244277954,
  "bias": -1.085466906428337,
  "model": "convlstm",
  "num_samples": 6,
  "history_length": 3
}