{
  "rmse": 1.748717188835144,
  "mae": 1.376468539237976,
  "bias": -0.18762807299693426,
  "correlation": 0.7783659052327575,
  "model": "convlstm",
  "num_samples": 6,
  "history_length": 3
}