{
  "rmse": 1.7645678520202637,
  "mae": 1.4477692246437073,
  "bias": -0.26252904534339905,
  "correlation": 0.8068801654713967,
  "model": "convlstm",
  "num_samples": 6,
  "history_length": 3
}