{
  "rmse": 3.0112895250320433,
  "mae": 2.6603856563568113,
  "bias": 0.5805816292762757,
  "model": "convlstm",
  "num_samples": 5,
  "history_length": 6
}