{
  "rmse": 9.27753496170044,
  "mae": 9.06226634979248,
  "bias": -9.06226634979248,
  "model": "convlstm",
  "num_samples": 2,
  "history_length": 3
}