{
  "rmse": 1.7487171490987141,
  "mae": 1.3764685193697612,
  "bias": -0.18762799352407455,
  "correlation": 0.7783658969102256,
  "model": "convlstm",
  "num_samples": 6,
  "history_length": 3
}